{"cameraMode":{"drawMode":0,"name":"Shaded","section":"Shading Mode"},"sceneLighting":true,"audioPlay":false,"sceneViewState":{"showFog":false,"showMaterialUpdate":false,"showSkybox":false,"showFlares":false,"showImageEffects":false,"showParticleSystems":true},"in2DMode":false,"pivot":{"x":169.10205078125,"y":0.9212477207183838,"z":148.2493896484375},"rotation":{"x":0.6351200938224793,"y":-0.166208416223526,"z":0.14263816177845,"w":0.7407101988792419},"size":35.883155822753909,"orthographic":false}