{"cameraMode":{"drawMode":0,"name":"Shaded","section":"Shading Mode"},"sceneLighting":true,"audioPlay":false,"sceneViewState":{"showFog":false,"showMaterialUpdate":false,"showSkybox":false,"showFlares":false,"showImageEffects":false,"showParticleSystems":true},"in2DMode":false,"pivot":{"x":169.22000122070313,"y":0.9800000190734863,"z":133.33999633789063},"rotation":{"x":0.012819497846066952,"y":-0.013809829019010067,"z":0.0002683265192899853,"w":0.9998224973678589},"size":3.3085381984710695,"orthographic":false}