{"cameraMode":{"drawMode":0,"name":"Shaded","section":"Shading Mode"},"sceneLighting":false,"audioPlay":false,"sceneViewState":{"showFog":false,"showMaterialUpdate":false,"showSkybox":false,"showFlares":false,"showImageEffects":false,"showParticleSystems":true},"in2DMode":false,"pivot":{"x":-0.4643709063529968,"y":1.3212476968765259,"z":5.002998352050781},"rotation":{"x":0.04010656103491783,"y":0.9591537117958069,"z":-0.21731333434581757,"w":0.17660877108573914},"size":8.392213821411133,"orthographic":false}