{"cameraMode":{"drawMode":0,"name":"Shaded","section":"Shading Mode"},"sceneLighting":true,"audioPlay":false,"sceneViewState":{"showFog":false,"showMaterialUpdate":false,"showSkybox":false,"showFlares":false,"showImageEffects":false,"showParticleSystems":true},"in2DMode":false,"pivot":{"x":169.22000122070313,"y":0.9800000190734863,"z":133.33999633789063},"rotation":{"x":-0.026170674711465837,"y":-0.02130662091076374,"z":-0.0004665691521950066,"w":0.9994302988052368},"size":0.008538484573364258,"orthographic":false}